1) I am a solid fit for the job description and I don't need supervision in my work. I can join the team and make an immediate impact.;1) Eu sou um ajuste sólido para a descrição do cargo e não preciso de supervisão no meu trabalho. Posso me juntar à equipe e causar um impacto imediato.
1) What do the top performers in this company do to be successful?;1) O que os melhores desempenhos desta empresa fazem para ter sucesso?
2) Can you tell me more about the team I would be a part of in this role and their responsibilities?;2) Você pode me contar mais sobre a equipe da qual eu faria parte nesta função e suas responsabilidades?
2) You should also hire me because I have a strong work ethic and cost conscious. I will take good care of company projects, encourage others to do same, and find ways to streamline company systems to improve profitability.;2) Você também deve me contratar porque tenho uma forte ética de trabalho e consciência de custos. Cuidarei bem dos projetos da empresa, encorajarei outros a fazerem o mesmo e encontrarei maneiras de otimizar os sistemas da empresa para melhorar a lucratividade.
3) Finally, you should hire me because I have created a 30-, 60- and 90-day action plan that tells you what I will do in the role if you hire me, and I would like to give you a copy.;3) Por fim, você deve me contratar porque criei um plano de ação de 30, 60 e 90 dias que informa o que farei na função se você me contratar, e gostaria de lhe dar uma cópia.
3) Is there any additional information I can read to learn more about the company while I wait to hear the results of my interview?;3) Há alguma informação adicional que eu possa ler para aprender mais sobre a empresa enquanto espero para ouvir os resultados da minha entrevista?
a bunch of lies;um monte de mentiras
And don't let me catch you following me.;E não deixe que eu perceba você me seguindo.
Any way you like.;Do jeito que você quiser.
Are you coming?;Você vem?
As a Java developer, how do you acquire knowledge?;Como desenvolvedor Java, como você adquire conhecimento?
As a matter of fact;De fato
Basically I had to buy physical books and study them.;Basicamente eu tive que comprar livros físicos e estudá-los.
Because our lives could not have been more different.;Porque nossas vidas não poderiam ter sido mais diferentes.
Because you won't get it.;Porque você não vai conseguir.
Best regards.;Atenciosamente.
But he'll do no better;Mas ele não fará nada melhor
By consistently meeting deadlines and supporting team members, I earned trust and fostered strong collaboration.;Ao cumprir prazos consistentemente e dar suporte aos membros da equipe, ganhei confiança e promovi uma forte colaboração.
Can you cover me?;Você pode me dar cobertura?
Can you get her to write that email for me?;Você pode pedir para ela escrever aquele e-mail para mim?
Can you get that?;Você consegue isso?
Check it out.;Confira.
Cheer up!;Alegrar!
chill out;relaxar
Could you confirm the salary and benefits so I can evaluate them?;Você poderia confirmar o salário e os benefícios para que eu possa avaliá-los?
Could you confirm the salary and benefits so I can evaluate them?;Você poderia confirmar o salário e os benefícios para que eu possa avaliá-los?
Describe a time you showed leadership skills.;Descreva uma ocasião em que você demonstrou habilidades de liderança.
Did you schedule the meeting for tomorrow? I thought the conversation was today.;Você agendou a reunião para amanhã? Achei que a conversa fosse hoje.
Did you schedule the meeting for tomorrow? I thought the conversation would be today.;Você agendou a reunião para amanhã? Pensei que a conversa seria hoje.
Do you get along with your family?;Você se dá bem com sua família?
Do you get it?;Você entendeu?
Do you think they'll melt us down?;Você acha que eles vão nos derreter?
Don't blame yourself.;Não se culpe.
Don't get angry.;Não fique bravo.
Don't take it to heart.;Não leve isso a sério.
Email sent.;E-mail enviado.
Except for these specific times (18/12-5PM and 19/12-10AM), you can make the invite.;Exceto por esses horários específicos (18/12-17h e 19/12-10h), você pode fazer o convite.
Excuse me for asking initially. What is the salary you are earning?;Desculpe-me por perguntar inicialmente. Qual é o salário que você está ganhando?
Excuse me for asking initially. What is the salary you are earning?;Desculpe-me por perguntar inicialmente. Qual é o salário que você está ganhando?
Faced with budget cuts, I streamlined a process using existing tools, saving 15% in costs while maintaining quality.;Diante de cortes de orçamento, simplifiquei um processo usando ferramentas existentes, economizando 15% em custos e mantendo a qualidade.
Fill me in;Preencha-me
Finally, I want this job because it is with your company.;Por fim, quero esse emprego porque é na sua empresa.
Finally, I would meet privately with my coworker to get their perspective on the conflict before having an open and honest conversation to find an amicable solution that would benefit the team.;Por fim, eu me encontraria em particular com meu colega de trabalho para obter sua perspectiva sobre o conflito antes de ter uma conversa aberta e honesta para encontrar uma solução amigável que beneficiasse a equipe.
first things first;o mais importante primeiro
First, I would look at what I was saying and doing to ensure that I was not causing this.;Primeiro, eu observaria o que estava dizendo e fazendo para garantir que não estava causando isso.
footage;imagens de vídeo
For 24 years I've been a Java developer.;Sou desenvolvedor Java há 24 anos.
Give me a break.;Dá um tempo.
Give me a minute, please.;Me dê um minuto, por favor.
Good for you.;Bom para você.
Got something for me.;Tenho algo para mim.
Gotta go.;Tenho que ir.
Great! How has your day been so far?;Ótimo! Como foi seu dia até agora?
Hang on a second.;Espere um segundo.
Have you got a pen?;Você tem uma caneta?
He tricked me into going this way.;Ele me enganou para ir por esse caminho.
He's completely rathed.;Ele está completamente irritado.
He's completely ratled.;Ele está completamente abalado.
He's nuts.;Ele é louco.
Hi, John.;Olá, John.
Hot goss;Fofoca quente
How do I put this?;Como eu coloco isso?
How do pronounce Madhu?;Como se pronuncia Madhu?
How do you build trust with colleagues?;Como você constrói confiança com colegas?
How do you pronounce Madhu?;Como se pronuncia Madhu?
How do you solve problems with few resources?;Como resolver problemas com poucos recursos?
How is it going?;Como vão as coisas?
How so?;Como assim?
How would I explain artificial intelligence to a 10-year-old?;Como eu explicaria inteligência artificial para uma criança de 10 anos?
However, I'm learning to improve my negotiation and influencing skills so that I can persuade others to increase their output.;No entanto, estou aprendendo a melhorar minhas habilidades de negociação e influência para que eu possa persuadir os outros a aumentar sua produção.
However, I'm now ready for the next chapter in my career, where I can work on new and exciting projects, while joining an exciting and ambitious company like yours, where my skills and experience will be fully utilised.;No entanto, agora estou pronto para o próximo capítulo da minha carreira, onde posso trabalhar em projetos novos e interessantes, ao mesmo tempo em que me junto a uma empresa empolgante e ambiciosa como a sua, onde minhas habilidades e experiência serão totalmente utilizadas.
I actively seek opportunities to speak with native English speakers or fellow learners. Joining language exchange groups or participating in online forums has been particularly beneficial for improving my speaking skills and building confidence.;Eu busco ativamente oportunidades de falar com falantes nativos de inglês ou colegas aprendizes. Participar de grupos de intercâmbio de idiomas ou de fóruns online tem sido particularmente benéfico para melhorar minhas habilidades de conversação e construir confiança.
I also want this job because I'm very passionate about this work and industry.;Eu também quero esse emprego porque sou muito apaixonado por esse trabalho e pela indústria.
I always try to stay focused on software development.;Eu sempre tento manter o foco no desenvolvimento de software.
I always was encouraged to work in high performance.;Sempre fui incentivado a trabalhar com alto desempenho.
I am a high achiever. In the jobs I have had and the opportunities I have had to innovate, I have always been praised by my manager for coming up with successful projects that help the team move forward.;Sou um grande realizador. Nos empregos que tive e nas oportunidades que tive de inovar, sempre fui elogiado pelo meu gerente por criar projetos bem-sucedidos que ajudam a equipe a progredir.
I am currently participating in job opportunities that it can change my available scheduled.;Atualmente estou participando de oportunidades de trabalho que podem alterar minha agenda disponível.
I am dedicated.;Eu sou dedicado.
I am disciplined.;Eu sou disciplinado.
I am looking for to grow my knowledge across online courses, digital books and tech sites.;Estou procurando aumentar meu conhecimento por meio de cursos on-line, livros digitais e sites de tecnologia.
I am passionate in technological innovations.;Sou apaixonado por inovações tecnológicas.
I am very interested in this opportunity.;Estou muito interessado nesta oportunidade.
I apologize for my english but I'm working to better up.;Peço desculpas pelo meu inglês, mas estou trabalhando para melhorar.
I broke the project into tasks, set milestones, and tracked progress daily, completing everything on time.;Eu dividi o projeto em tarefas, estabeleci marcos e acompanhei o progresso diariamente, concluindo tudo no prazo.
I can barely move.;Mal consigo me mover.
I can barely remember the last time I saw you.;Mal consigo me lembrar da última vez que te vi.
I can be reached by phone at.;Você pode me contatar por telefone em.
I can be reached by phone at.;Posso ser contatado por telefone em.
I can handle it.;Eu consigo lidar com isso.
I can speak now.;Posso falar agora.
I can't be bothered.;Não posso ser incomodado.
I can't complain.;Não posso reclamar.
I can't make it.;Não consigo.
I didn't catch that.;Não percebi isso.
I didn't get that.;Não entendi isso.
I don't buy it.;Eu não acredito nisso.
I don't have a clue.;Não tenho a mínima ideia.
I don't think so.;Eu não acho.
I expect 22 thousand CLT.;Espero 22 mil CLT.
I expect 22 thousand CLT.;Espero 22 mil CLT.
I fancy.;Eu imagino.
I fixed my car.;Consertei meu carro.
I get discouraged when the environment is messy and managers are complacent.;Fico desanimado quando o ambiente está bagunçado e os gerentes são complacentes.
I get it.;Entendo.
I got back last Sunday.;Voltei no domingo passado.
I got her to cook for us.;Pedi que ela cozinhasse para nós.
I got my car fixed.;Consertei meu carro.
I got my teeth done.;Fiz meus dentes.
I got over my cold.;Eu me recuperei do meu resfriado.
I got to go.;Tenho que ir.
I gotta do on my own.;Tenho que fazer isso sozinho.
I had been playing basketball when Mary came.;Eu estava jogando basquete quando Mary chegou.
I had played basketball before Mary came.;Eu tinha jogado basquete antes de Mary chegar.
I had the opportunity to visit Bogotá in 2010.;Tive a oportunidade de visitar Bogotá em 2010.
I had the opportunity to visit Bogotá in 2010.;Tive a oportunidade de visitar Bogotá em 2010.
I have always seen Acme as a great place to work. I have some friends who work there and they speak very highly of the work environment. The opportunity I am seeking is for a Java Developer.;Eu sempre vi a empresa Acme como um excelente lugar para trabalhar. Tenho alguns amigos que trabalham na sua empresa e eles falam muito bem do ambiente de trabalho. A oportunidade que estou buscando é de Java Developer.
I have been playing basketball for 3 hours.;Estou jogando basquete há 3 horas.
I have been working with software development since 1999.;Trabalho com desenvolvimento de software desde 1999.
I have developed many projects focused on the web, such as single sign-on, human resources, publishing, financial and banking. I have been leading development teams since 2007. Recently, I have been defining software solutions for large companies.;Desenvolvi muitos projetos focados na web, como single sign-on, recursos humanos, publicação, financeiro e bancário. Lidero equipes de desenvolvimento desde 2007. Recentemente, tenho definido soluções de software para grandes empresas.
I have developed many projects focused on the Web, such as Single Signed On, Human Resource, Publishing, Financial and Banking. I have been leading development teams since 2007. Recently, I have been defining software solutions for large companies.;Eu desenvovi muitos projetos, voltados para Web, como Single Signed On, Human Resource, Publishing, Financial and Banking. Tenho liderado times de desenvolvimento desde 2007. Recentemente, tenho definido soluções de software para grandes empresas.
I have enrolled in English courses that focus on specific areas such as business communication and writing skills. These classes provide structured learning and valuable feedback from instructors.;Eu me matriculei em cursos de inglês que focam em áreas específicas, como comunicação empresarial e habilidades de escrita. Essas aulas fornecem aprendizado estruturado e feedback valioso dos instrutores.
I have immediate availability.;Tenho disponibilidade imediata.
I have just played basketball.;Acabei de jogar basquete.
I have not seen the movie;Eu não vi o filme
I have to go now.;Tenho que ir agora.
I have to go.;Eu tenho que ir.
I heard that.;Eu ouvi isso.
I help people go from hating work to happy work.;Ajudo as pessoas a passarem do ódio ao trabalho para o trabalho feliz.
I hope to see you soon.;Espero ver você em breve.
I hope you are doing well.;Espero que você esteja bem.
I hope you doing well.;Espero que você esteja bem.
I joinned, but I saw that you scheduled it for tomorrow.;Eu entrei, mas vi que você agendou para amanhã.
I just got here.;Acabei de chegar aqui.
I keep a vocabulary notebook where I jot down new words and phrases I encounter. I also try to use these new terms in sentences to reinforce my understanding and retention.;Eu mantenho um caderno de vocabulário onde anoto novas palavras e frases que encontro. Também tento usar esses novos termos em frases para reforçar minha compreensão e retenção.
I made it my goal to streamline the team's process and be more productive with less busy work.;Estabeleci como meta otimizar os processos da equipe e ser mais produtivo com menos trabalho repetitivo.
I motivated a team to overcome a tight deadline by aligning everyone’s strengths, resulting in delivering a project 2 days ahead of schedule.;Motivei uma equipe a superar um prazo apertado alinhando os pontos fortes de todos, resultando na entrega de um projeto 2 dias antes do previsto.
I need to get away.;Preciso ir embora.
I need to get over her.;Preciso superá-la.
I need to get over that.;Preciso superar isso.
I need to get some sleep.;Preciso dormir um pouco.
I offered to take over a struggling project, restructured the workflow, and boosted the client satisfaction score by 20%.;Eu me ofereci para assumir um projeto difícil, reestruturei o fluxo de trabalho e aumentei a pontuação de satisfação do cliente em 20%.
I owe you one.;Eu te devo uma.
I perform better when.;Meu desempenho é melhor quando...
I play basketball every week.;Eu jogo basquete toda semana.
I played basketball yesterday.;Joguei basquete ontem.
I prefer to work quickly, so when my work is slowed down by the inaction of the other people, I get slightly frustrated.;Prefiro trabalhar rápido, então quando meu trabalho é desacelerado pela inação das outras pessoas, fico um pouco frustrado.
I racked up a lot of parking tickets while I was on vacation.;Acumulei muitas multas de estacionamento enquanto estava de férias.
I screwed up.;Eu errei.
I seek calm at work.;Busco calma no trabalho.
I set aside time each day to practice my English. This includes reading articles, watching videos, and listening to podcasts in English. This daily exposure helps me become more familiar with different accents and vocabulary.;Eu reservo um tempo todos os dias para praticar meu inglês. Isso inclui ler artigos, assistir a vídeos e ouvir podcasts em inglês. Essa exposição diária me ajuda a me familiarizar mais com diferentes sotaques e vocabulário.
I shall certainly.;Certamente farei isso.
I understand well what people say.;Eu compreendo bem o que as pessoas dizem.
I usually cook quite a lot of pasta.;Eu costumo cozinhar bastante macarrão.
I want this job because the job description is a perfect match for my skills, knowledge and qualities.;Quero este emprego porque a descrição do cargo é uma combinação perfeita para minhas habilidades, conhecimento e qualidades.
I was going to throw it away anyway.;Eu ia jogar fora de qualquer jeito.
I was making small adjustments to the code while monitoring the performance of the database and the PODs.;Eu estava fazendo pequenos ajustes no código enquanto monitorava o desempenho do banco de dados e dos PODs.
I was playing basketball the whole evening.;Eu estava jogando basquete a noite toda.
I will be playing basketball next Sunday.;Vou jogar basquete no próximo domingo.
I will endeavor to try;Eu vou me esforçar para tentar
I will get this for you.;Eu vou pegar isso para você.
I will have played basketball by tomorrow.;Amanhã terei jogado basquete.
I will play basketball next week.;Vou jogar basquete na semana que vem.
I would deal with conflict myself quickly and maturely because it has the potential to impede a team's progress.;Eu lidaria com conflitos de forma rápida e madura, porque eles têm o potencial de impedir o progresso de uma equipe.
I would like to leave my current job because I feel that I have reached my full potential.;Gostaria de deixar meu emprego atual porque sinto que atingi meu potencial máximo.
I'd like to thank you.;Gostaria de agradecer a você.
I'll add it to your tab.;Vou adicioná-lo à sua aba.
I'll be with you in a minute.;Estarei com você em um minuto.
I'll have it fixed.;Vou consertar.
I'll text you.;Vou te mandar uma mensagem.
I'm a trustworthy, technically minded and hardworking employee with the skills to match the job description.;Sou um funcionário confiável, com mentalidade técnica e trabalhador, com habilidades que correspondem à descrição do cargo.
I'm a trustworthy, technologically focused and hardworking employee with the skills to match the job description.;Sou um funcionário confiável, focado em tecnologia e trabalhador, com habilidades que correspondem à descrição do cargo.
I'm always looking to increase my knowledge through technical books, online courses and solution or framework sites.;Estou sempre buscando aumentar meu conhecimento por meio de livros técnicos, cursos on-line e sites de soluções ou frameworks.
I'm always on the lookout for new knowledge through books, online courses and solution or framework sites.;Estou sempre em busca de novos conhecimentos por meio de livros, cursos on-line e sites de soluções ou estruturas.
I'm always on the lookout for ways to increase my knowledge through technical books, online courses, and solution or framework sites.;Estou sempre procurando maneiras de aumentar meu conhecimento por meio de livros técnicos, cursos on-line e sites de soluções ou estruturas.
I'm applying to the software developer position.;Estou me candidatando para a vaga de desenvolvedor de software.
I'm career strategist speaker.;Sou palestrante estrategista de carreira.
I'm confident about my work.;Estou confiante no meu trabalho.
I'm getting tired.;Estou ficando cansado.
I'm getting to know her.;Estou começando a conhecê-la.
I'm getting used to the heat.;Estou me acostumando com o calor.
I'm going to get that replaced.;Vou substituir isso.
I'm gonna cry.;Eu vou chorar.
I'm never going to get out of here.;Eu nunca vou sair daqui.
I'm never gonna get out of here.;Eu nunca vou sair daqui.
I'm nosy.;Eu sou curioso.
I'm not even sure which;Eu nem tenho certeza de qual
I'm not going that way.;Eu não vou por esse caminho.
I'm on a budget.;Estou com orçamento limitado.
I'm playing basketball now.;Estou jogando basquete agora.
I'm quoting;Estou citando
I'm self motivated and hardwork.;Sou automotivado e trabalhador.
I'm the one who should be thanking you.;Eu sou a pessoa que deveria lhe agradecer.
I'm the one who should thank you.;Sou eu quem deveria lhe agradecer.
I'm thirsty.;Estou com sede.
I'm truly sorry.;Sinto muito mesmo.
I'm very disappointed with myself.;Estou muito decepcionado comigo mesmo.
I've been coding with Java since 2000.;Eu programo com Java desde 2000.
I've been developing Java for 24 years.;Desenvolvo Java há 24 anos.
I've been developing system in Java since 2000s.;Eu desenvolvo sistemas em Java desde os anos 2000.
I've been working as a Java developer for the past 24 years.;Trabalho como desenvolvedor Java há 24 anos.
I've got a new job.;Tenho um novo emprego.
I've got it.;Eu entendi.
If I say something stranger please warn me.;Se eu disser algo estranho, por favor, me avise.
If you hire me, I will be the type of employee who will be a good role model for the company and who, in line with my job description, will help the company in times of need.;Se você me contratar, serei o tipo de funcionário que será um bom modelo para a empresa e que, de acordo com minha descrição de cargo, ajudará a empresa em momentos de necessidade.
In my current position;Na minha posição atual
In my last job, I had the feeling that I was at the limit of my potential and that I had no prospects for professional growth.;No meu último emprego, eu tinha a sensação de que estava no limite do meu potencial e que não tinha perspectivas de crescimento profissional.
In my last job, I realized that I had reached my potential and had no prospects for professional growth.;No meu último emprego, percebi que havia atingido meu potencial e não tinha perspectivas de crescimento profissional.
In the beginning we didn't have many resources to learn new technologies like Java.;No começo não tínhamos muitos recursos para aprender novas tecnologias como Java.
Is there anything I might to do help?;Há algo que eu possa fazer para ajudar?
It doesn't matter.;Não importa.
It just isn't fair.;Isso não é justo.
It was nice catching up with you.;Foi bom conversar com você.
It was really pricey.;Foi muito caro.
It's been a long time.;Já faz muito tempo.
It's been ages.;Já faz muito tempo.
It's easy peasy.;É moleza.
It's getting late.;Está ficando tarde.
It's gotten your head!;Isso subiu à sua cabeça!
It's kind of hot in here.;Está meio quente aqui.
It's no big deal.;Não é grande coisa.
It's not worth it.;Não vale a pena.
It's very kind of you.;É muito gentil da sua parte.
just barely;por pouco
Keep it up.;Mantem.
Keep up the good work.;Continue com o bom trabalho.
Last Resort;Último recurso
Let me know.;Avise.
Let's call it a day.;Vamos encerrar o dia.
Let's get going.;Vamos lá.
Let's get together.;Vamos nos reunir.
Let's play it by ear.;Vamos improvisar.
Long time no see;Muito tempo sem ver
Long time no see.;Muito tempo sem ver.
Lucky you.;Sortudo.
My biggest weakness is impatience with laziness.;Minha maior fraqueza é a impaciência com a preguiça.
My daily routine is quite simple. I usually wake up at around 7 a.m. and start my day with a cup of coffee. After that, I take a shower and get ready for work. I work from 9 a.m. to 5 p.m., with a lunch break around noon. In the evening, I like to improve my knowledge or watching movies and sports programs. Sometimes, I go for a running or exercise at the gym. After dinner, I spend some time with my family and dogs before going to bed around 10 p.m.;Minha rotina diária é bem simples. Costumo acordar por volta das 7h e começar o dia com uma xícara de café. Depois, tomo um banho e me arrumo para o trabalho. Trabalho das 9h às 17h, com intervalo para almoço por volta do meio-dia. À noite, gosto de aprimorar meus conhecimentos ou assistir a filmes e programas esportivos. Às vezes, corro ou me exercito na academia. Depois do jantar, passo um tempo com minha família e meus cachorros antes de ir para a cama por volta das 22h.
My employer has been a great place to work and we have achieved a lot of positive things in the time I have been there.;Meu empregador tem sido um ótimo lugar para trabalhar e conquistamos muitas coisas positivas no tempo em que estive lá.
neither do we;Nós também não.
Never been better.;Nunca estive melhor.
No worries.;Sem problemas.
No, I thank You.;Não, eu te agradeço.
No, it's something I have to do.;Não, é algo que tenho que fazer.
Not a bit.;Nem um pouco.
Nothing much.;Praticamente nada.
Pick a lane.;Escolha uma faixa.
Pull yourself together.;Recomponha-se.
purchase;compra
Same stuff;Mesma coisa
Share a time you went above and beyond.;Compartilhe uma ocasião em que você foi além.
Should I have?;Eu deveria ter?
Since then I have worked for a number of companies, gaining experience of working in teams, delivering excellent service to stakeholders and completing time-sensitive projects.;Desde então, trabalhei para diversas empresas, adquirindo experiência em trabalho em equipe, prestando serviços excelentes às partes interessadas e concluindo projetos com prazos apertados.
snitches get stitches.;os delatores levam pontos.
So far, I have an available schedule.;Até agora, tenho uma agenda disponível.
So to speak.;Por assim dizer.
something else;outra coisa
Sorry to bother you.;Desculpe incomodá-lo.
Sorry, I didn't catch that.;Desculpe, não entendi.
Sorry, I wasn't listening.;Desculpe, eu não estava ouvindo.
Spanish dishes;pratos espanhóis
speaking of the devil;falando do diabo
Spill the beans.;Conte tudo.
Stay away from me.;Fique longe de mim.
Step up your game.;Melhore seu jogo.
Thank the maker.;Agradeça ao criador.
Thank you for getting in touch.;Obrigado por entrar em contato.
Thank you for reaching out to me.;Obrigado por entrar em contato comigo.
Thank you for the opportunity. I graduated from college in Computer Science, with best grades in average.;Obrigado pela oportunidade. Eu me formei na faculdade em Ciência da Computação, com as melhores notas em média.
Thank you for this opportunity. I have a degree in Computer Science with a top average.;Obrigado por esta oportunidade. Sou formado em Ciência da Computação com média máxima.
Thank you in advance.;Agradeço antecipadamente.
Thanks anyway.;Obrigado de qualquer forma.
That malfunction little twerp. This is all his fault.;Aquele pequeno idiota com defeito. Isso é tudo culpa dele.
That's a rip off.;Isso é um roubo.
That's correct?;Está correto?
That's fair enough.;Isso é justo.
That's nuts.;Isso é loucura.
That's what we're achieving.;É isso que estamos conseguindo.
These guy is boring.;Esse cara é chato.
Things happen;As coisas acontecem
This is a no-brainer.;Isso é óbvio.
This means I can come into the position and have an immediate impact.;Isso significa que posso assumir a posição e ter um impacto imediato.
We brought you today.;Trouxemos você hoje.
We get along well.;Nós nos damos bem.
We get on great.;Nós nos damos muito bem.
We spent a lot of time at work and I would like that time to be spent doing something that I love.;Passamos muito tempo no trabalho e eu gostaria que esse tempo fosse gasto fazendo algo que eu amo.
We will have been playing basketball.;Nós teremos jogado basquete.
We're doomed;Estamos condenados
We're square.;Estamos quites.
What does your name is pronounced?;Como se pronuncia seu nome?
What does your name sound like?;Como é o som do seu nome?
What have you been up to?;O que você tem feito?
What makes you tick?;O que faz você funcionar?
What motivates you?;O que motiva você?
What steps help you meet tight deadlines?;Quais etapas ajudam você a cumprir prazos apertados?
What time did you get to the party?;A que horas você chegou na festa?
What would you like to be called?;Como você gostaria de ser chamado?
What would you like to be called?;Como você gostaria de ser chamado?
What would you prefer?;O que você prefere?
What would you prefer?;O que você prefere?
What you did you do for the weekend?;O que você fez no fim de semana?
What's going in your life?;O que está acontecendo na sua vida?
What's going on?;O que está acontecendo?
What's new?;O que há de novo?
When did you get back?;Quando você voltou?
When do you intend to schedule the meeting?;Quando você pretende agendar a reunião?
When I'm working, I don't listen to music.;Quando estou trabalhando, não ouço música.
When is your birthday?;Quando é seu aniversário?
Where does he live?;Onde ele mora?
Which counts;O que conta
Who do you work for?;Para quem você trabalha?
Who does she love?;Quem ela ama?
Why are they sad?;Por que eles estão tristes?
Why are you staring?;Por que você está olhando?
Why I should stick my neck out for you is quite beyond my capacity.;Por que eu deveria arriscar minha vida por você está muito além da minha capacidade.
With what?;Com o quê?
You can do it.;Você consegue.
You crack me up.;Você me faz rir.
You did an amazing job. You rock!;Você fez um trabalho incrível. Você arrasa!
You gonna be safe?;Você vai ficar seguro?
You gotta be kidding me.;Você deve estar brincando comigo.
You have an impressive track record, and the people I have spoken to who already work here have complimentary things to say about the leadership team and the positive work culture.;Vocês têm um histórico impressionante, e as pessoas com quem conversei que já trabalham aqui têm coisas elogiosas a dizer sobre a equipe de liderança e a cultura de trabalho positiva.
You made it.;Você conseguiu.
You should go the extra mile, if you want to be successful.;Você deve se esforçar mais se quiser ter sucesso.
You should go the extra mile.;Você deveria ir além.
You'll have to get used to it.;Você terá que se acostumar.
You've got to be kidding me.;Você só pode estar brincando comigo.
Your kindness;Sua gentileza
He's weird.;Ele é estranho.
The bonding was successful.;A ligação foi bem-sucedida.
Get you go.;Vá em frente.
There you are.;Aí está você.
wanna bet.;quer apostar.
Do you think?;Você acha?
I get it.;Entendo.
What's the matter?;Qual é o problema?
Until I get used to hearing.;Até eu me acostumar a ouvir.
You look so bored.;Você parece tão entediado.
the movie was boring.;o filme foi chato.
You passed out.;Você desmaiou.
I must have tripped is all.;Devo ter tropeçado, só isso.
I must have tripped it out.;Devo ter tropeçado.
More like the other way around.;Mais como o contrário.
This place looks sketchy.;Este lugar parece suspeito.
an overshare.;um excesso de compartilhamento.
Sort of.;Tipo de
We've done this before.;Já fizemos isso antes.
Sorry, I was weird back there.;Desculpe, eu estava estranho lá atrás.
People are changing for the worst.;As pessoas estão mudando para pior.
The world isn't what it used to be.;O mundo não é mais o que costumava ser.
I'm guessing we're apart.;Imagino que estejamos separados.
Keep this up.;Continue assim.
tonight.;essa noite.
Fed Up.;Cheio.
even in the bad times.;mesmo nos momentos ruins.
I think of how we take care of each other.;Penso em como cuidamos uns dos outros.
amuse each other.;divertir um ao outro.
it's the Dumb Little Things.;são as Coisinhas Idiotas.
This may sound weird.;Isso pode parecer estranho.
If we ever get separate.;Se um dia nos separarmos.
Nothing good happens after Dark.;Nada de bom acontece depois do anoitecer.
I appreciate you helping me.;Agradeço por me ajudar.
It's getting late.;Está ficando tarde.
I didn't mean to.;Eu não quis dizer isso.
I used to be.;Eu costumava ser.
I used to be good at this game.;Eu costumava ser bom nesse jogo.
Maybe you have had enough.;Talvez você já esteja farto.
With what?;Com o quê?
I hate to ask you this.;Odeio perguntar isso.
I should probably.;Eu provavelmente deveria.
It's getting kind of late.;Está ficando meio tarde.
That was really good.;Isso foi muito bom.
I mean it.;Quero dizer.
booby-trapped.;armadilhado.
unless you have a change wish.;a menos que você tenha um desejo de mudança.
But do not go snooping around.;Mas não fique bisbilhotando.
I don't want that.;Eu não quero isso.
You could beat me to death with easy.;Você poderia me matar facilmente.
Besides look at me.;Além disso, olhe para mim.
You got a point.;Você tem razão.
Stop staring.;Pare de olhar.
I improved my knowledge trough physical books that the only source to learning in Java.;Aumentei meus conhecimentos através de livros físicos que são a única fonte de aprendizado em Java.
At the beginning of my career I improved my knowledge through books purchased at Livraria Cultura.;No início da minha carreira aprimorei meus conhecimentos por meio de livros adquiridos na Livraria Cultura.
severe headaches.;fortes dores de cabeça.
the three yearly warning sign of infection.;o sinal de alerta trienal de infecção.
We left too late.;Saímos tarde demais.
despite ongoing uncertainty.;apesar da incerteza contínua.
most governments have issued shelter in place orders.;a maioria dos governos emitiu ordens de abrigo no local.
I'd rather forget.;Eu prefiro esquecer.
confusing blur.;borrão confuso.
Treat employees like they make a difference and they will.;Trate os funcionários como se eles fizessem a diferença e eles farão.
His leg's broken.;A perna dele está quebrada.
It makes us who we are.;Isso nos torna quem somos.
I woke up on the wrong side of the bed.;Acordei do lado errado da cama.
We might as well go home.;Podemos muito bem ir para casa.
I really appreciate it.;Eu realmente aprecio isso.
I was wondering if.;Eu estava pensando se.
Do you mind if I.;Você se importa se eu.
That works for me.;Isso funciona para mim.
Have a good one.;Tenha um bom dia.
Check this out!;Olha só isso!
How did you get into.;Como você entrou.
Tear off.;Arrancar.
Was he right.;Ele estava certo?
up to you.;você decide.
I appreciate it.;Eu agradeço.
We have to be going.;Temos que ir.
I have been fired.;Fui demitido.
I'm currently searching for.;Estou procurando no momento.
I'm doing well.;Estou bem.
I'll keep you posted.;Eu te manterei informado.
You look like a million bucks.;Você parece valer um milhão de dólares.
Have you heard of the phrase.;Você já ouviu a frase.
How dare you?;Como você ousa?
As I do make a cake.;Como eu faço um bolo.
Put the gun down;Abaixe a arma.
Stop screaming.;Pare de gritar.
We have a situation.;Temos uma situação.
Can You get back to me in an hour.;Você pode me responder em uma hora?
But that was too much of a push.;Mas isso foi um empurrão demais.
I wish to thank you all for coming on such short notice.;Gostaria de agradecer a todos por terem vindo em tão pouco tempo.
It is applicable for job interviews as well.;Também é aplicável para entrevistas de emprego.
district attorney.;promotor público.
Senior Software Staff Engineer with over 24 years of experience in developing and managing Web applications using Java EE. More than 15 years leading developement teams and executing high-impact projects for major companies accross various sectors.;Engenheiro Sênior de Software com mais de 24 anos de experiência em desenvolvimento e gerenciamento de aplicativos Web usando Java EE. Mais de 15 anos liderando equipes de desenvolvimento e executando projetos de alto impacto para grandes empresas em vários setores.
I started developing a human resources portal, using Java EE Oracle and SQL Server as databases.;Comecei a desenvolver um portal de recursos humanos, utilizando Java EE Oracle e SQL Server como bancos de dados.
What can I do you for?;O que posso fazer por você?
Education, but I got a doctor's thesis in Street.;Educação, mas fiz uma tese de doutorado na Street.
Endeavors to debut an original.;Esforços para estrear um original.
witness a history of healing thought the power.;testemunhe uma história de cura através do poder.
we got it this.;nós conseguimos isso.
Let me do this on.;Deixe-me fazer isso.
I wouldn't do that.;Eu não faria isso.
we gonna to find.;nós vamos encontrar.
Be mindful.;Seja consciente.
Look after.;Cuidar.
For sure.;Claro que sim.
What are 3 strengths that employees are proud of in their company?;Quais são os 3 pontos fortes dos quais os funcionários se orgulham na empresa?
What are 3 advantages that employees are proud of in their company?;Quais são as 3 vantagens das quais os funcionários se orgulham em sua empresa?
Fantastic! And now let's wrap things up. Do you have any questions for us?;Fantástico! E agora vamos encerrar as coisas. Você tem alguma pergunta para nós?
I already know about the company and the job description is aligned to my profile and challenges.;Já conheço a empresa e a descrição da vaga está alinhada ao meu perfil e desafios.
That's a really mature approach. It's great that you're open to receiving feedback and always looking for ways to improve. Now let's move on to a more general question. Why do you think you're a good fit for this position?;Essa é uma abordagem realmente madura. É ótimo que você esteja aberto a receber feedback e sempre procurando maneiras de melhorar. Agora, vamos passar para uma pergunta mais geral. Por que você acha que é uma boa opção para essa posição?
First, I listen calmly and without prejudice. If the criticism shows a weakness of mine, I thank the person and try to improve on that aspect. If the criticism does not show a flaw of mine, I try to talk to the person and get more details about that thought.;Primeiro, eu escuto calmamente e sem preconceitos. Se a crítica mostra uma fraqueza minha, eu agradeço a pessoa e tento melhorar esse aspecto. Se a crítica não mostra uma falha minha, eu tento falar com a pessoa e obter mais detalhes sobre esse pensamento.
That's great to hear! It sounds like you really stepped up to the plate in that situation and delivered. Now, let's change gears a bit. How do you handle feedback or criticism from your colleagues or managers?;Que ótimo ouvir isso! Parece que você realmente se esforçou naquela situação e entregou. Agora, vamos mudar um pouco de assunto. Como você lida com feedback ou críticas de seus colegas ou gerentes?
Yes. And as a reward for my results I received a promotion.;Sim. E como recompensa pelos meus resultados recebi uma promoção.
And what was the outcome of that? Did you manage to finish the project on time?;E qual foi o resultado disso? Você conseguiu terminar o projeto no prazo?
With a short deadline, I focused to create a proof of concept and used all my experience as Java Developer.;Com um prazo curto, concentrei-me em criar uma prova de conceito e usei toda a minha experiência como Desenvolvedor Java.
Wow, Fernando, that sounds like quite a challenge! How did you end up approaching the problem?;Uau, Fernando, isso parece um grande desafio! Como você acabou abordando o problema?
The project was the development of an SSO that should integrate 15 Web applications. The deadline for developing the solution was 1 month.;O projeto era o desenvolvimento de um SSO que deveria integrar 15 aplicações Web. O prazo para desenvolvimento da solução era de 1 mês.
Tell me about a specific project you worked on where you really had to put your technical skills to the test. How did you handle that situation?;Conte-me sobre um projeto específico em que você trabalhou, no qual você realmente teve que colocar suas habilidades técnicas à prova. Como você lidou com essa situação?
So Fernando, can you please tell us about your technical skills? Do you have any specific programming languages or frameworks that you're proficient in?;Então Fernando, você pode nos contar sobre suas habilidades técnicas? Você tem alguma linguagem de programação ou framework específico em que seja proficiente?
I started my journey as Java Developer in december of 1999 developing a Human Resources Web Portal. The project has been concepted using Java EE, Servlets and EJB. The main challenge was develop a software that can be used for any company. My personal challenge was starts to develop Web Applications using Java and apply concepts of Oriented Objects.;Comecei minha jornada como Desenvolvedor Java em dezembro de 1999 desenvolvendo um Portal Web de Recursos Humanos. O projeto foi concebido usando Java EE, Servlets e EJB. O principal desafio era desenvolver um software que pudesse ser usado por qualquer empresa. Meu desafio pessoal era começar a desenvolver Aplicações Web usando Java e aplicar conceitos de Objetos Orientados.
Let's get it started.;Vamos começar.
Does it matter?;Isso importa?
There is a matter that I have to talk to you about.;Há um assunto sobre o qual preciso falar com você.
I’m sorry, did someone tell you that there was a deal?;Desculpe, alguém lhe disse que havia um acordo?
It’s called “pain compliance".;É chamado de “conformidade com a dor”.
I’m supposed to be.;Eu deveria estar.
Why did you do that?;Por que você fez isso?
I'm gonna look it up right now.;Vou dar uma olhada agora mesmo.
Man, I'm looking this up.;Cara, estou pesquisando isso.
May I?;Posso?
What are you gonna do after that?;O que você vai fazer depois disso?
You gotta be who you are in this world, no matter what.;Você tem que ser quem você é neste mundo, não importa o que aconteça.
Thought you were gonna to give up that refined sugar?;Pensou que ia abrir mão do açúcar refinado?
Sluggish.;Lento.
I want you to apologize him.;Eu quero que você peça desculpas a ele.
Take whatever you want.;Pegue o que você quiser.
I want you to do your homework.;Eu quero que você faça sua lição de casa.
Give it a try.;Experimente.
Give it a shot.;Dê uma chance.
Could you verify and inform me?;Você poderia verificar e me informar?
I feel blue.;Sinto-me deprimido.
You can count on me.;Você pode contar comigo.
I'll show you two around.;Vou mostrar o lugar para vocês dois.
and carry on conversation easily.;e manter uma conversa facilmente.
More than 20 years of experience in developing and managing Web applications, using Java EE. More than 10 years coordinating development teams, squads and trains. Delivery of important projects, serving large companies. Key position of international projects in Chile, Argentina, Colombia, USA and Spain. Project Manager, based on PMI, SAFe, Scrum, etc, since 2006. Self-taught and instructor of development teams, promoting learning and motivation.;Mais de 20 anos de experiência em desenvolvimento e gerenciamento de aplicações Web, usando Java EE. Mais de 10 anos coordenando equipes de desenvolvimento, squads e trens. Entrega de projetos importantes, atendendo grandes empresas. Posição-chave de projetos internacionais no Chile, Argentina, Colômbia, EUA e Espanha. Gerente de Projetos, com base em PMI, SAFe, Scrum, etc, desde 2006. Autodidata e instrutor de equipes de desenvolvimento, promovendo aprendizado e motivação.
With over 20 years of expertise in developing and managing web applications using Java EE, along with a decade of experience leading development teams and executing high-impact projects for major companies across HR, E-Commerce, and Finance sectors, I am eager to bring my project management skills, rooted in PMI, SAFe, and Scrum, to your organization, fostering a collaborative and innovative environment.;Com mais de 20 anos de experiência no desenvolvimento e gerenciamento de aplicativos web usando Java EE, além de uma década de experiência liderando equipes de desenvolvimento e executando projetos de alto impacto para grandes empresas nos setores de RH, comércio eletrônico e finanças, estou ansioso para trazer minhas habilidades de gerenciamento de projetos, baseadas em PMI, SAFe e Scrum, para sua organização, promovendo um ambiente colaborativo e inovador.
I'd do anything.;Eu faria qualquer coisa.
I'd done that.;Eu fiz isso.
you're quite right.;você está certo.
loose thread.;fio solto.
I didn't catch the last word.;Não entendi a última palavra.
Don't take it to heart.;Não leve isso a sério.
Did I get you right?;Acertei você?
What's going on?;O que está acontecendo?
No worries!;Sem problemas!
Thank you in advance!;Agradeço antecipadamente!
Thank you anyway!;Obrigado mesmo assim!
It's very kind of you!;É muito gentil da sua parte!
That's a good one.;Essa é boa.
How do you know?;Como você sabe?
Can't complain.;Não posso reclamar.
What have you been up to?;O que você tem feito?
Long time no see!;Muito tempo sem ver!
How is it going?;Como vão as coisas?
The old man stared at me with a smile on his face. As he did so, he handed me a package.;O velho olhou para mim com um sorriso no rosto. Ao fazer isso, ele me entregou um pacote.
The boss wants you to finish all this work as soon as possible. When you have done so, you should see him in his office.;O chefe quer que você termine todo esse trabalho o mais rápido possível. Quando tiver feito isso, você deve vê-lo em seu escritório.
Their chances of doing so are very high.;Suas chances de fazer isso são muito altas.
Have a think.;Pense bem.
I'd like you to think about this sentence.;Eu gostaria que você pensasse sobre esta frase.
The boss has agreed to raise my salary. He will do so in the new financial year.;O chefe concordou em aumentar meu salário. Ele o fará no novo exercício financeiro.
My friend asked me to help her move house and I was happy to do so.;Minha amiga me pediu para ajudá-la a mudar de casa e fiquei feliz em fazê-lo.
What's wrong with her?;O que há de errado com ela?
Let's end this.;vamos acabar com isso.
Whe does she arrive?;Quando ela chega?
D'we have any jam?;Temos alguma geléia?
We're thrilled to have you on board. How can we make you feel at home?;Estamos entusiasmados por tê-lo a bordo. Como podemos fazer você se sentir em casa?
You got any.;você tem algum.
how was to the work today.;como foi o trabalho hoje.
kind of the same.;mais ou menos o mesmo.
I can see your mind's made up.;Eu posso ver que sua mente está decidida.
where is the payback.;onde está o retorno.
I got friends.;eu tenho amigos.
I'm not wanting to settle for it.;Eu não estou querendo me contentar com isso.
who's gonna replace you.;quem vai te substituir.
but you won't be here.;mas você não estará aqui.
what am I gonna do.;o que eu vou fazer.
what do you mean.;o que você quer dizer.
hurry up.;se apresse.
then shall we.;então devemos.
she said she'd rather use the ladie's room.;ela disse que preferia usar o quarto das senhoras.
I took her to a drive-in movie.;Eu a levei para um cinema drive-in.
I knew she wasn't smart.;eu sabia que ela não era inteligente.
you do some of your best commentary with silence.;você faz alguns de seus melhores comentários com silêncio.
it's a bunch of talk of girls.;é um monte de conversa de meninas.
this is why I did not want her seeing that movie.;é por isso que eu não queria que ela visse aquele filme.
we will find something better.;vamos encontrar algo melhor.
I told you.;Eu te disse.
You're gonna to pick another costume.;Você vai escolher outra fantasia.
He's right about that.;Ele está certo sobre isso.
I wouldn't say that.;eu não diria isso.
nothing has happened.;nada aconteceu.
in a minute.;em um minuto.
right on time.;bem na hora.
I should have gone.;eu deveria ter ido.
Please get some rest.;Por favor, descanse um pouco.
One way or another.;De uma forma ou de outra.
What a shame.;Que pena.
What do you want?;O que você quer?
as cold as ice.;tão frio quanto gelo.
Nothing has happened.;Nada aconteceu.
Where has she been?;Onde ela esteve?
Could have gone better.;poderia ter corrido melhor.
Worst of all.;Pior de todos.
Might as well face it.;Poderia muito bem enfrentar isso.
Reduced pronunciation.;pronúncia reduzida.
Reduced speech.;fala reduzida.
How have you been?;Como você tem estado?
What'll you have?;O que você quer?
They're already here.;Eles já estão aqui.
Where do you get that?;Onde você consegue isso?
I'll think about it.;vou pensar sobre isso.
Why have come today?;Por que veio hoje?
It’s always easiest to break the ice after I’ve had a few drinks.;É sempre mais fácil quebrar o gelo depois de tomar alguns drinques.
You have to earn your own bread and butter.;Você tem que ganhar seu próprio pão e manteiga.
He does not need this job as much as I do; he is born with a silver spoon in his mouth.;Ele não precisa desse trabalho tanto quanto eu; ele nasce com uma colher de prata na boca.
We've been waiting for you for three hours, but better late than never.;Estamos esperando por você há três horas, mas antes tarde do que nunca.
Anne said the test would be difficult, but it was a piece of cake. I'll pass with no problem at all.;Anne disse que o teste seria difícil, mas era moleza. Vou passar sem problemas.
Such a beautiful portrait of a little girl represents how a picture is worth a thousand words.;Um retrato tão bonito de uma garotinha representa como uma imagem vale mais que mil palavras.
Children are all ears when the teacher tells them fairy tales.;As crianças são todas ouvidos quando o professor lhes conta contos de fadas.
I gave my best to be friendly with her, but she is simply a hard nut to crack.;Eu dei o meu melhor para ser amigável com ela, mas ela é simplesmente um osso duro de roer.
I brought you something special.;Eu trouxe algo especial para você.
What's your action idea?;Qual é a sua ideia de ação?
Has she got a new mobile phone?;Ela tem um novo celular?
I have got a nice friend.;Eu tenho um bom amigo.
Have you got a pen?;Você tem uma caneta?
She has got two brothers.;Ela tem dois irmãos.
I have got two brothers.;eu tenho dois irmãos.
We got to trouble.;temos problemas.
Where you want to be in the future?;Onde você quer estar no futuro?
Where you are now?;Onde você está agora?
Where you worked before?;Onde você trabalhou antes?
I try to figure out.;Eu tento descobrir.
It's up to you.;Você decide.
Using Kubernetes is a company wish.;Usar o Kubernetes é um desejo da empresa.
I was not paying attention.;Eu não estava prestando atenção.
I'm still understanding the company's goals and strategy.;Ainda estou entendendo os objetivos e a estratégia da empresa.
I'm doing great today.;Estou muito bem hoje.
I'm doing great today.;Estou indo muito bem hoje.
It's going really well.;Está indo muito bem.
How about you?;E você?
How's it going?;Como tá indo?
It's a pleasure to meet you.;É um prazer conhecer você.
Sorry abou delay. I was ending another meeting.;Desculpe pelo atraso. Eu estava terminando outra reunião.
I don't know about onboarding process.;Não sei sobre o processo de integração.
I'm getting used to language.;Estou me acostumando com a linguagem.
Have you gone there?;Você já foi lá?
Have you tried?;Você tentou?
Have you said?;Você disse?
Have you fixed?;Você consertou?
Have you known?;Você conhece?
Have you agreed?;Você concordou?
Has he gone to the bank?;Ele foi ao banco?
We are still in the process of reviewing candidates against the hiring criteria.;Ainda estamos em processo de análise dos candidatos em relação aos critérios de contratação,
We are reaching out to let you know.;Estamos entrando em contato para informá-lo,
Don't give up.;Não desista,
Fairn enough.;Justo,
customer journey map.;mapa da jornada do cliente,
Got it, folks.;Entendi pessoal,
Where do I sign.;Onde eu assino,
You told me very clearly.;Voce me disse muito claramente,
I thought that, once you had examined the patient.;Eu pensei que, uma vez que você examinou o paciente,
I merely said.;Eu apenas disse,
I thought that you'd remember.;Eu pensei que você iria se lembrar,
And you have the donor consent forms?;E você tem os formulários de consentimento do doador?
It's like winning the lottery.;É como ganhar na loteria,
we've got to go.;temos que ir,
now you guys should.;agora vocês deveriam,
I’m fine, thanks. How about you?;Eu estou bem, obrigado. E você?
Pretty good.;Muito bom.
Not bad.;Nada mal.
Great!;Ótimo!
Couldn’t be better!;Não poderia ser melhor!
Can’t complain.;Não posso reclamar.
I’ve been busy.;Eu estive ocupado.
Same as always.;Mesmo que sempre.
Not so great.;Não tão bom.
Could be better.;Poderia ser melhor.
How are you?;Como vai você?
How’s it going?;Como tá indo?
How ya doin’?;Como vai você'?
How are things?;Como estão as coisas?
How’s life?;Como vai a vida?
How have you been?;Como você tem estado?
How’s your family?;Como está sua família?
What’s up?;E aí?
What’s new?;O que há de novo?
What have you been up to lately?;O que você tem feito ultimamente?
Have a good one.;Tenha um bom dia
check off.;verificar.
cheer up.;alegrar.
cheer on.;animar.
Let's go have a look.;Vamos dar uma olhada.
More than that.;Mais que isso.
Nothing else.;Nada mais.
I'd like to go for a walk.;Eu gostaria de dar um passeio.
I ate already.;Eu já comi.
How's work going?;Como anda o trabalho?
He's very annoying.;Ele é muito chato.
From time to time.;De tempos em tempos.
Everyone knows it.;Todo mundo sabe disso.
Can you translate this for me?;Você pode traduzir isso para mim?
It was good catching up;Foi bom recuperar o atraso.
I'm starving.;estou morrendo de fome.
I’d like a beer.;eu gostaria de uma cerveja.
It just feels wrong.;Parece errado.
I've been mentoring disseminating knowledge in Microservices, API First, Event Sourcing, Resilience, CQRS and Design Patterns.;Tenho orientado a disseminação de conhecimento em Microsserviços, API First, Event Sourcing, Resiliência, CQRS e Padrões de Design.
I will call you back.;Eu te ligo de volta.
I’ll get back to you soon.;Entrarei em contato com você em breve.
I’ll let you know.;Eu te aviso.
I’m sorry to hear that.;Lamento ouvir isso.
That’s really nice of you!;Isso é muito legal da sua parte!
I really appreciate it.;Eu realmente aprecio isso.
Could you give me a hand?;Você poderia me dar uma mão?
I was wondering if I could borrow your notes.;Eu queria saber se você poderia me emprestar suas anotações.
Do you mind if I close the window?;Você se importa se eu fechar a janela?
How do you spell that?;Como se escreve isso?
What does carry on mean?;O que significa continuar?
Could you say that again, please?;Você poderia repetir isso, por favor?
I'm heading home.;Estou indo para casa.
Have a good one.;Tenha um bom dia.
It was nice chatting with you.;Foi bom conversar com você.
That works for me.;Isso funciona para mim.
That sounds good.;Isso soa bem.
Check this out!;Olha só isso!
How did you get into playing chess?;Como você começou a jogar xadrez?
I always enjoy helping other people learn — from my tutoring work in school to the training experiences I had at my last job — which is why I feel so fulfilled working in L&D.;Sempre gostei de ajudar outras pessoas a aprender — desde meu trabalho de tutoria na escola até as experiências de treinamento que tive no meu último emprego — e é por isso que me sinto tão realizado trabalhando em L&D.
After learning more about this job, I’m sure I can help you find ways to manage projects more efficiently and effectively.;Depois de aprender mais sobre esse trabalho, tenho certeza de que posso ajudá-lo a encontrar maneiras de gerenciar projetos de forma mais eficiente e eficaz.
I’ve found I work best in a collaborative environment, so I look forward to working with several departments to align on and achieve our goals.;Descobri que trabalho melhor em um ambiente colaborativo, então estou ansioso para trabalhar com vários departamentos para nos alinharmos e atingirmos nossos objetivos.
I can see myself succeeding in this position because I’ve done similar work in the past and know what it takes to grow up the solutions park.;Posso me ver tendo sucesso nessa posição porque já fiz um trabalho semelhante no passado e sei o que é preciso para desenvolver o parque de soluções.
I hope you are doing well.;Espero que você esteja bem.
I hope you doing well.;Espero que você esteja bem.
I've got it.;Eu entendi.
You crack me up.;Você me faz rir.
That's nuts.;Isso é loucura.
That's fair enough.;Isso é justo.
That's a rip off.;Isso é um roubo.
Spill the beans.;Conte tudo.
speaking of the devil;falando do diabo
Long time no see;Muito tempo sem ver
Let's play it by ear.;Vamos improvisar.
Let's call it a day.;Vamos encerrar o dia.
It was really pricey.;Foi muito caro.
I'm on a budget.;Estou com orçamento limitado.
I get it.;Entendo.
I fancy.;Eu imagino.
I don't have a clue.;Não tenho a mínima ideia.
I can't make it.;Não consigo.
I can't be bothered.;Não posso ser incomodado.
Hang on a second.;Espere um segundo.
Fill me in;Preencha-me
chill out;relaxar
Check it out.;Confira.
Thank you for the opportunity. I graduated from college in Computer Science, with best grades in average.;Obrigado pela oportunidade. Eu me formei na faculdade em Ciência da Computação, com as melhores notas em média.
I have not seen the movie;Eu não vi o filme
These guy is boring.;Esse cara é chato.
Who do you work for?;Para quem você trabalha?
As a Java developer, how do you acquire knowledge?;Como desenvolvedor Java, como você adquire conhecimento?
I'm thirsty.;Estou com sede.
He's nuts.;Ele é louco.
Eu compreendo bem o que as pessoas dizem.;I understand well what people say.
If I say something stranger please warn me.;Se eu disser algo estranho, por favor, me avise.
I apologize for my english but I'm working to better up.;Peço desculpas pelo meu inglês, mas estou trabalhando para melhorar.
Basically I had to buy physical books and study them.;Basicamente eu tive que comprar livros físicos e estudá-los.
In the beginning we didn't have many resources to learn new technologies like Java.;No começo não tínhamos muitos recursos para aprender novas tecnologias como Java.
I've been coding with Java since 2000.;Eu programo com Java desde 2000.
I made it my goal to streamline the team's process and be more productive with less "busy work".;Estabeleci como meta otimizar os processos da equipe e ser mais produtivo com menos "trabalho repetitivo".
I always was encouraged to work in high performance.;Sempre fui incentivado a trabalhar com alto desempenho.
In my current position;Na minha posição atual
I am passionate in technological innovations.;Sou apaixonado por inovações tecnológicas.
I perform better when.;Meu desempenho é melhor quando...
I am dedicated.;Eu sou dedicado.
I am disciplined.;Eu sou disciplinado.
Because our lives could not have been more different.;Porque nossas vidas não poderiam ter sido mais diferentes.
I am looking for to grow my knowledge across online courses, digital books and tech sites.;Estou procurando aumentar meu conhecimento por meio de cursos on-line, livros digitais e sites de tecnologia.
When is your birthday?;Quando é seu aniversário?
Who does she love?;Quem ela ama?
Where does he live?;Onde ele mora?
Why are they sad?;Por que eles estão tristes?
I have developed many projects focused on the web, such as single sign-on, human resources, publishing, financial and banking. I have been leading development teams since 2007. Recently, I have been defining software solutions for large companies.;Desenvolvi muitos projetos focados na web, como single sign-on, recursos humanos, publicação, financeiro e bancário. Lidero equipes de desenvolvimento desde 2007. Recentemente, tenho definido soluções de software para grandes empresas.
Eu sempre vi a empresa Acme como um excelente lugar para trabalhar. Tenho alguns amigos que trabalham na sua empresa e eles falam muito bem do ambiente de trabalho. A oportunidade que estou buscando é de Java Developer.;I have always seen Acme as a great place to work. I have some friends who work there and they speak very highly of the work environment. The opportunity I am seeking is for a Java Developer.
What you did you do for the weekend?;O que você fez no fim de semana?
